name,sex,no,test
example25,0,25,9191
example2,0,2,Nope
example3,0,3,Nope
example4,0,4,Nope
example5,0,5,Nope
example6,0,6,Nope
example7,0,7,Nope
example8,0,8,Nope
example9,0,9,Nope
example10,0,10,Nope
example11,0,11,Nope
example12,0,12,Nope
example13,0,13,Nope
example14,0,14,Nope
example15,0,15,Nope
example16,0,16,Nope
example17,0,17,Nope
example18,0,18,Nope
example19,0,19,Nope
example20,0,20,Nope
example21,0,21,Nope
example22,0,22,Nope
example23,0,23,Nope
example25,0,25,Nope
example26,0,91,Nope
example114,1,0,Nope
